<?xml version="1.0" encoding="utf-8"?>
<ArrayOfOsoba xmlns:xsi="http://www.w3.org/2001/XMLSchema-instance" xmlns:xsd="http://www.w3.org/2001/XMLSchema">
  <Osoba xsi:type="Lekarz">
    <Imie>Katrzyna</Imie>
    <Nazwisko>Nowak</Nazwisko>
    <DataUrodzenia>1952-05-15T00:00:00</DataUrodzenia>
    <Pesel>52051563412</Pesel>
    <Specjalizacja>Dermatolog</Specjalizacja>
    <Typ>Lekarz</Typ>
    <NumerPWZ>1234567</NumerPWZ>
  </Osoba>
  <Osoba xsi:type="Lekarz">
    <Imie>Grzegorz </Imie>
    <Nazwisko>Brzęczyszczykiewicz</Nazwisko>
    <DataUrodzenia>1964-06-06T00:00:00</DataUrodzenia>
    <Pesel>64060618285</Pesel>
    <Specjalizacja>Kardiolog</Specjalizacja>
    <Typ>Lekarz</Typ>
    <NumerPWZ>9877654</NumerPWZ>
  </Osoba>
  <Osoba xsi:type="Lekarz">
    <Imie>Ferdynand</Imie>
    <Nazwisko>Kiepski</Nazwisko>
    <DataUrodzenia>1966-07-16T00:00:00</DataUrodzenia>
    <Pesel>66071672298</Pesel>
    <Specjalizacja>Internista</Specjalizacja>
    <Typ>Lekarz</Typ>
    <NumerPWZ>5433232</NumerPWZ>
  </Osoba>
  <Osoba xsi:type="Pacjent">
    <Imie>Stefan</Imie>
    <Nazwisko>Siarzewski</Nazwisko>
    <DataUrodzenia>1968-09-18T00:00:00</DataUrodzenia>
    <Pesel>68091849296</Pesel>
    <Typ>Pacjent</Typ>
    <HistoriaChorob>
      <string>Daltonizm</string>
    </HistoriaChorob>
  </Osoba>
  <Osoba xsi:type="Pacjent">
    <Imie>Adrian</Imie>
    <Nazwisko>Nowak</Nazwisko>
    <DataUrodzenia>1978-12-24T00:00:00</DataUrodzenia>
    <Pesel>78122468839</Pesel>
    <Typ>Pacjent</Typ>
    <HistoriaChorob>
      <string>ADHD</string>
    </HistoriaChorob>
  </Osoba>
  <Osoba xsi:type="Lekarz">
    <Imie>Mariusz </Imie>
    <Nazwisko>Kolano</Nazwisko>
    <DataUrodzenia>1978-12-29T00:00:00</DataUrodzenia>
    <Pesel>78122965671</Pesel>
    <Specjalizacja>Pediatra</Specjalizacja>
    <Typ>Lekarz</Typ>
    <NumerPWZ>7564321</NumerPWZ>
  </Osoba>
  <Osoba xsi:type="Pacjent">
    <Imie>Jarosław</Imie>
    <Nazwisko>Niewidomy</Nazwisko>
    <DataUrodzenia>1996-11-03T00:00:00</DataUrodzenia>
    <Pesel>96110335682</Pesel>
    <Typ>Pacjent</Typ>
    <HistoriaChorob />
  </Osoba>
  <Osoba xsi:type="Pacjent">
    <Imie>Jan </Imie>
    <Nazwisko>Kowalski</Nazwisko>
    <DataUrodzenia>2004-10-07T00:00:00</DataUrodzenia>
    <Pesel>04300727979</Pesel>
    <Typ>Pacjent</Typ>
    <HistoriaChorob>
      <string>Rak</string>
      <string>Wścieklizna</string>
    </HistoriaChorob>
  </Osoba>
  <Osoba xsi:type="Pacjent">
    <Imie>Maciej</Imie>
    <Nazwisko>Solejuk</Nazwisko>
    <DataUrodzenia>2008-10-05T00:00:00</DataUrodzenia>
    <Pesel>08300531444</Pesel>
    <Typ>Pacjent</Typ>
    <HistoriaChorob>
      <string>Białaczka</string>
      <string>Cukrzyca Typu 2</string>
    </HistoriaChorob>
  </Osoba>
</ArrayOfOsoba>